/*
SQLyog Ultimate v9.10 
MySQL - 5.6.15 : Database - test
*********************************************************************
*/

/*!40101 SET NAMES utf8 */;

/*!40101 SET SQL_MODE=''*/;

/*!40014 SET @OLD_UNIQUE_CHECKS=@@UNIQUE_CHECKS, UNIQUE_CHECKS=0 */;
/*!40014 SET @OLD_FOREIGN_KEY_CHECKS=@@FOREIGN_KEY_CHECKS, FOREIGN_KEY_CHECKS=0 */;
/*!40101 SET @OLD_SQL_MODE=@@SQL_MODE, SQL_MODE='NO_AUTO_VALUE_ON_ZERO' */;
/*!40111 SET @OLD_SQL_NOTES=@@SQL_NOTES, SQL_NOTES=0 */;
CREATE DATABASE /*!32312 IF NOT EXISTS*/`test` /*!40100 DEFAULT CHARACTER SET latin1 */;

USE `test`;

/*Table structure for table `e_application` */

DROP TABLE IF EXISTS `e_application`;

CREATE TABLE `e_application` (
  `applicationID` varchar(32) NOT NULL,
  `createUser` varchar(32) DEFAULT NULL,
  `approver` varchar(32) DEFAULT NULL,
  `curentHandler` varchar(32) DEFAULT NULL,
  `courseName` varchar(128) DEFAULT NULL,
  `className` varchar(128) DEFAULT NULL,
  `seats` int(11) DEFAULT NULL,
  `os` varchar(16) DEFAULT NULL,
  `software` varchar(128) DEFAULT NULL,
  `booktype` int(11) DEFAULT NULL,
  `createdatetime` timestamp NOT NULL DEFAULT CURRENT_TIMESTAMP,
  `status` varchar(5) DEFAULT '0',
  `approvedtime` timestamp NULL DEFAULT NULL,
  `approveremark` varchar(1024) DEFAULT NULL,
  `comment` varchar(64) DEFAULT NULL,
  `contactNO` varchar(32) DEFAULT NULL,
  `Email` varchar(64) DEFAULT NULL,
  PRIMARY KEY (`applicationID`,`createdatetime`)
) ENGINE=InnoDB DEFAULT CHARSET=utf8;

/*Data for the table `e_application` */

insert  into `e_application`(`applicationID`,`createUser`,`approver`,`curentHandler`,`courseName`,`className`,`seats`,`os`,`software`,`booktype`,`createdatetime`,`status`,`approvedtime`,`approveremark`,`comment`,`contactNO`,`Email`) values ('102030_70206097_1','hpf',NULL,NULL,'en','nl',55,'Windows XP','',1,'2014-12-29 12:48:34','0',NULL,NULL,'','',''),('102030_70206097_2','hpf',NULL,NULL,'102030_70206097_2','0213101|0213102|0213100|0213106|0214101|0213105|0213104|0213103|',55,'Windows XP','',1,'2014-12-29 21:16:07','0',NULL,NULL,'','',''),('102030_70206097_2','hpf',NULL,NULL,'102030_70206097_2','0213101|0213102|0213100|0213106|0214101|0213105|0213104|0213103|',55,'Windows XP','',1,'2014-12-29 21:17:22','0',NULL,NULL,'','','');

/*Table structure for table `e_arrangement` */

DROP TABLE IF EXISTS `e_arrangement`;

CREATE TABLE `e_arrangement` (
  `zone` varchar(16) CHARACTER SET utf8 NOT NULL,
  `floor` varchar(16) CHARACTER SET utf8 DEFAULT NULL,
  `date` varchar(16) CHARACTER SET utf8 NOT NULL,
  `course` int(11) NOT NULL,
  `appID` varchar(32) CHARACTER SET utf8 DEFAULT NULL,
  `createtime` timestamp NOT NULL DEFAULT CURRENT_TIMESTAMP ON UPDATE CURRENT_TIMESTAMP,
  `comment` varchar(256) CHARACTER SET utf8 DEFAULT NULL,
  PRIMARY KEY (`zone`,`date`,`course`)
) ENGINE=InnoDB DEFAULT CHARSET=latin1;

/*Data for the table `e_arrangement` */

insert  into `e_arrangement`(`zone`,`floor`,`date`,`course`,`appID`,`createtime`,`comment`) values ('10F','10','2014-12-26',1,'102030_70206097_1','2014-12-24 21:34:25',NULL),('10F','10','2015-01-02',1,'102030_70206097_2','2014-12-26 09:11:59',NULL),('10F','10','2015-01-09',1,'102030_70206097_2','2014-12-26 09:11:59',NULL),('10F','10','2015-01-16',1,'102030_70206097_2','2014-12-26 09:11:59',NULL),('10F','10','2015-01-23',1,'102030_70206097_2','2014-12-26 09:11:59',NULL),('10F','10','2015-01-30',1,'102030_70206097_2','2014-12-26 09:11:59',NULL),('7B','7','2014-12-27',1,'102030_70206097_3','2014-12-26 09:12:49',NULL),('7B','7','2015-01-02',1,'102030_70206097_1','2014-12-29 12:48:34',NULL),('7C','7','2014-12-26',1,'102030_70206097_1','2014-12-24 21:35:22',NULL),('7C','7','2014-12-27',1,'102030_70206097_3','2014-12-26 09:12:49',NULL),('7C','7','2015-01-02',1,'102030_70206097_1','2014-12-29 12:48:34',NULL),('7E','7','2014-12-27',1,'102030_70206097_3','2014-12-26 09:12:49',NULL),('7E','7','2015-01-02',1,'102030_70206097_1','2014-12-29 12:48:34',NULL),('8A','8','2014-12-26',1,'102030_70206097_1','2014-12-25 13:46:48',NULL),('8A','8','2014-12-27',2,'102030_70206097_1','2014-12-26 09:13:49',NULL),('8A','8','2014-12-27',3,'102030_70206097_1','2014-12-26 09:13:49',NULL),('8A','8','2014-12-27',4,'102030_70206097_1','2014-12-26 09:13:49',NULL),('8A','8','2014-12-27',5,'102030_70206097_1','2014-12-26 09:13:49',NULL),('8A','8','2014-12-27',6,'102030_70206097_1','2014-12-26 09:13:49',NULL),('8A','8','2014-12-27',7,'102030_70206097_1','2014-12-26 09:13:49',NULL),('8B','8','2014-12-26',1,'102030_70206097_1','2014-12-24 21:36:52',NULL),('8B','8','2014-12-27',1,'102030_70206097_1','2014-12-26 09:17:00',NULL),('8B','8','2014-12-27',2,'102030_70206097_1','2014-12-26 09:17:00',NULL),('8B','8','2014-12-27',3,'102030_70206097_1','2014-12-26 09:17:00',NULL),('8B','8','2014-12-27',4,'102030_70206097_1','2014-12-26 09:17:00',NULL),('8B','8','2014-12-27',5,'102030_70206097_1','2014-12-26 09:17:00',NULL),('8B','8','2014-12-27',6,'102030_70206097_1','2014-12-26 09:17:00',NULL),('8B','8','2014-12-27',7,'102030_70206097_1','2014-12-26 09:17:00',NULL),('8B','8','2015-01-02',1,'102030_70206097_2','2014-12-29 21:16:07',NULL),('8C','8','2014-12-26',1,'102030_70206097_1','2014-12-25 13:46:48',NULL),('8C','8','2014-12-27',1,'102030_70206097_1','2014-12-26 09:17:00',NULL),('8C','8','2014-12-27',2,'102030_70206097_1','2014-12-26 09:17:00',NULL),('8C','8','2014-12-27',3,'102030_70206097_1','2014-12-26 09:17:00',NULL),('8C','8','2014-12-27',4,'102030_70206097_1','2014-12-26 09:17:00',NULL),('8C','8','2014-12-27',5,'102030_70206097_1','2014-12-26 09:17:00',NULL),('8C','8','2014-12-27',6,'102030_70206097_1','2014-12-26 09:17:00',NULL),('8C','8','2014-12-27',7,'102030_70206097_1','2014-12-26 09:17:00',NULL),('8E','8','2014-12-26',1,'102030_70206097_1','2014-12-25 13:46:48',NULL),('8E','8','2014-12-27',1,'102030_70206097_1','2014-12-26 09:17:00',NULL),('8E','8','2014-12-27',2,'102030_70206097_1','2014-12-26 09:17:00',NULL),('8E','8','2014-12-27',3,'102030_70206097_1','2014-12-26 09:17:00',NULL),('8E','8','2014-12-27',4,'102030_70206097_1','2014-12-26 09:17:00',NULL),('8E','8','2014-12-27',5,'102030_70206097_1','2014-12-26 09:17:00',NULL),('8E','8','2014-12-27',6,'102030_70206097_1','2014-12-26 09:17:00',NULL),('8E','8','2014-12-27',7,'102030_70206097_1','2014-12-26 09:17:00',NULL),('8E','8','2015-01-02',1,'102030_70206097_2','2014-12-29 21:17:22',NULL),('9A','9','2014-12-26',1,'102030_70206097_1','2014-12-24 21:36:36',NULL),('9B','9','2014-12-26',1,'102030_70206097_1','2014-12-24 21:36:36',NULL),('9C','9','2014-12-26',1,'102030_70206097_1','2014-12-25 13:46:59',NULL);

/*Table structure for table `e_course` */

DROP TABLE IF EXISTS `e_course`;

CREATE TABLE `e_course` (
  `serial` varchar(32) CHARACTER SET utf8 NOT NULL,
  `name` varchar(128) CHARACTER SET utf8 DEFAULT NULL,
  `teacher` varchar(32) CHARACTER SET utf8 DEFAULT NULL,
  `teacherNo` varchar(32) CHARACTER SET utf8 DEFAULT NULL,
  `classNo` varchar(128) CHARACTER SET utf8 DEFAULT NULL,
  `seats` int(11) DEFAULT '0',
  `comment` varchar(128) CHARACTER SET utf8 DEFAULT NULL,
  PRIMARY KEY (`serial`)
) ENGINE=InnoDB DEFAULT CHARSET=latin1;

/*Data for the table `e_course` */

insert  into `e_course`(`serial`,`name`,`teacher`,`teacherNo`,`classNo`,`seats`,`comment`) values ('102030_70206097_1','大学物理','谢金国','70205293','0213101|0213102|0213100|0213106|0214101|0213105|0213104|0213103|',192,NULL),('102030_70206097_2','大学英语','王玮','70205293','0213101|0213102|0213100|0213106|0214101|0213105|0213104|0213103|',192,NULL),('102030_70206097_3','化学基础科目','刘佳','70205293','0213101|0213102|0213100|0213106|0214101|0213105|0213104|0213103|',192,NULL),('16901210_70203422_2','计算机网络基础','张磊','70205293','0213101|0213102|0213100|0213106|0214101|0213105|0213104|0213103|',192,NULL);

/*Table structure for table `e_coursemap` */

DROP TABLE IF EXISTS `e_coursemap`;

CREATE TABLE `e_coursemap` (
  `course` int(11) NOT NULL,
  `beginTime` varchar(16) NOT NULL,
  `endTime` varchar(16) NOT NULL,
  `commnet` varchar(256) CHARACTER SET utf8 DEFAULT NULL,
  PRIMARY KEY (`course`)
) ENGINE=InnoDB DEFAULT CHARSET=latin1;

/*Data for the table `e_coursemap` */

insert  into `e_coursemap`(`course`,`beginTime`,`endTime`,`commnet`) values (1,'08:00','10:00',NULL),(2,'10:00','12:00',NULL),(3,'12:00','14:00',NULL),(4,'14:00','16:00',NULL),(5,'16:00','18:00',NULL),(6,'18:00','20:00',NULL),(7,'20:00','22:00',NULL);

/*Table structure for table `e_curriculum` */

DROP TABLE IF EXISTS `e_curriculum`;

CREATE TABLE `e_curriculum` (
  `serial` varchar(32) CHARACTER SET utf8 NOT NULL,
  `stuNo` varchar(16) CHARACTER SET utf8 NOT NULL,
  `stuName` varchar(32) CHARACTER SET utf8 DEFAULT NULL,
  `classNo` varchar(32) CHARACTER SET utf8 DEFAULT NULL,
  `comment` varchar(128) CHARACTER SET utf8 DEFAULT NULL,
  PRIMARY KEY (`serial`,`stuNo`)
) ENGINE=InnoDB DEFAULT CHARSET=latin1;

/*Data for the table `e_curriculum` */

insert  into `e_curriculum`(`serial`,`stuNo`,`stuName`,`classNo`,`comment`) values ('102030_70206097_1','011330113','陈智','0213103',''),('102030_70206097_1','021210119','卢阳天','0214101',''),('102030_70206097_1','021210210','李启征','0213102',''),('102030_70206097_1','021210213','张鹏刚','0213102',''),('102030_70206097_1','021210228','薛雨洲','0213102',''),('102030_70206097_1','021310101','魏婷婷','0213101',''),('102030_70206097_1','021310102','金也佳','0213101',''),('102030_70206097_1','021310103','李舟','0213101',''),('102030_70206097_1','021310104','黄岩','0213101',''),('102030_70206097_1','021310105','刘少杭','0213101',''),('102030_70206097_1','021310106','何欢','0213101',''),('102030_70206097_1','021310107','刘思源','0213101',''),('102030_70206097_1','021310109','陈思豪','0213100',''),('102030_70206097_1','021310110','刘雨澄','0213101',''),('102030_70206097_1','021310111','张仁涛','0213101',''),('102030_70206097_1','021310114','邬清源','0213101',''),('102030_70206097_1','021310115','强子健','0213100',''),('102030_70206097_1','021310116','葛士杰','0213101',''),('102030_70206097_1','021310117','孟宇鹏','0213100',''),('102030_70206097_1','021310118','方程晨','0213101',''),('102030_70206097_1','021310119','戴思成','0213101',''),('102030_70206097_1','021310120','杨玥','0213101',''),('102030_70206097_1','021310123','邝熙','0213101',''),('102030_70206097_1','021310124','陈旦','0213101',''),('102030_70206097_1','021310125','袁晶磊','0213101',''),('102030_70206097_1','021310126','李劭怡','0213101',''),('102030_70206097_1','021310127','金业成','0213101',''),('102030_70206097_1','021310128','任勇智','0213101',''),('102030_70206097_1','021310129','卜旭东','0213101',''),('102030_70206097_1','021310130','缪俊杰','0213100',''),('102030_70206097_1','021310131','刘欣','0213101',''),('102030_70206097_1','021310133','朱林祥','0213101',''),('102030_70206097_1','021310134','张浩','0213101',''),('102030_70206097_1','021310135','敬彤','0213101',''),('102030_70206097_1','021310201','蔡伊雯','0213102',''),('102030_70206097_1','021310202','黄笛','0213102',''),('102030_70206097_1','021310203','单小敏','0213102',''),('102030_70206097_1','021310204','黄红梅','0213102',''),('102030_70206097_1','021310206','刘儒骏','0213102',''),('102030_70206097_1','021310208','孙勇','0213102',''),('102030_70206097_1','021310209','傅丰博','0213102',''),('102030_70206097_1','021310210','姜逸文','0213102',''),('102030_70206097_1','021310211','何志杰','0213102',''),('102030_70206097_1','021310214','李启东','0213102',''),('102030_70206097_1','021310215','夏昊','0213102',''),('102030_70206097_1','021310216','陆胜军','0213102',''),('102030_70206097_1','021310217','王昊','0213102',''),('102030_70206097_1','021310218','高博','0213102',''),('102030_70206097_1','021310219','高赟','0213102',''),('102030_70206097_1','021310221','薛子彦','0213102',''),('102030_70206097_1','021310222','曹敏','0213102',''),('102030_70206097_1','021310223','王聂龙','0213102',''),('102030_70206097_1','021310224','李伟','0213102',''),('102030_70206097_1','021310225','张啸峰','0213102',''),('102030_70206097_1','021310226','罗攀','0213102',''),('102030_70206097_1','021310227','邱悦','0213102',''),('102030_70206097_1','021310228','李勇','0213102',''),('102030_70206097_1','021310229','江宽','0213102',''),('102030_70206097_1','021310230','王学高','0213102',''),('102030_70206097_1','021310231','王安','0213102',''),('102030_70206097_1','021310232','王吉晓','0213102',''),('102030_70206097_1','021310233','何旺','0213102',''),('102030_70206097_1','021310234','钱伟丰','0213102',''),('102030_70206097_1','021310235','仇鹏程','0213102',''),('102030_70206097_1','021310236','郑禛','0213102',''),('102030_70206097_1','021310301','徐雅洁','0213100',''),('102030_70206097_1','021310302','白晨虹','0213103',''),('102030_70206097_1','021310303','周惠敏','0213103',''),('102030_70206097_1','021310304','魏婷','0213100',''),('102030_70206097_1','021310305','李诗洋','0213103',''),('102030_70206097_1','021310306','陈勇兴','0213103',''),('102030_70206097_1','021310307','宁春贤','0213103',''),('102030_70206097_1','021310308','黄镇','0213103',''),('102030_70206097_1','021310312','李若昱','0213103',''),('102030_70206097_1','021310313','周家鑫','0213103',''),('102030_70206097_1','021310314','魏德鑫','0213103',''),('102030_70206097_1','021310315','张惠强','0213103',''),('102030_70206097_1','021310316','胡棚','0213103',''),('102030_70206097_1','021310317','李轩琦','0213103',''),('102030_70206097_1','021310318','郭子星','0213103',''),('102030_70206097_1','021310319','尤梦成','0213103',''),('102030_70206097_1','021310320','任政','0213103',''),('102030_70206097_1','021310321','崔鑫','0213103',''),('102030_70206097_1','021310322','欧阳承磊','0213103',''),('102030_70206097_1','021310323','丁海能','0213103',''),('102030_70206097_1','021310324','黄盛辉','0213103',''),('102030_70206097_1','021310325','阎文斌','0213103',''),('102030_70206097_1','021310326','肖遥','0213103',''),('102030_70206097_1','021310327','缪叶','0213103',''),('102030_70206097_1','021310328','刘奕荣','0213100',''),('102030_70206097_1','021310329','李鑫','0213100',''),('102030_70206097_1','021310331','孙志杰','0213103',''),('102030_70206097_1','021310332','谢奉坤','0213103',''),('102030_70206097_1','021310333','张炜炜','0213103',''),('102030_70206097_1','021310334','李泽凡','0213103',''),('102030_70206097_1','021310335','黄思奇','0213100',''),('102030_70206097_1','021310401','王天奇','0213104',''),('102030_70206097_1','021310402','宗若雨','0213104',''),('102030_70206097_1','021310403','马亚男','0213104',''),('102030_70206097_1','021310405','傅继雷','0213104',''),('102030_70206097_1','021310406','陈德广','0213104',''),('102030_70206097_1','021310407','张帆','0213104',''),('102030_70206097_1','021310408','冯海龙','0213104',''),('102030_70206097_1','021310409','盛浩','0213104',''),('102030_70206097_1','021310410','雷熠','0213104',''),('102030_70206097_1','021310411','蔡波','0213104',''),('102030_70206097_1','021310412','程钟毓','0213104',''),('102030_70206097_1','021310413','莫大海','0213104',''),('102030_70206097_1','021310414','韩伦','0213104',''),('102030_70206097_1','021310415','孟伟','0213104',''),('102030_70206097_1','021310416','张善之','0213104',''),('102030_70206097_1','021310417','范国效','0213104',''),('102030_70206097_1','021310419','康定兴','0213104',''),('102030_70206097_1','021310420','徐若琪','0213104',''),('102030_70206097_1','021310421','左亮亮','0213100',''),('102030_70206097_1','021310422','郭煜玺','0213104',''),('102030_70206097_1','021310423','凌季','0213104',''),('102030_70206097_1','021310424','周建伟','0213100',''),('102030_70206097_1','021310425','钱僧','0213104',''),('102030_70206097_1','021310427','王蕴源','0213104',''),('102030_70206097_1','021310428','钟先敏','0213104',''),('102030_70206097_1','021310430','俞耀','0213100',''),('102030_70206097_1','021310432','孙巍','0213104',''),('102030_70206097_1','021310433','严小冬','0213104',''),('102030_70206097_1','021310434','张瑞峰','0213104',''),('102030_70206097_1','021310501','安丽','0213100',''),('102030_70206097_1','021310502','殷宁','0213100',''),('102030_70206097_1','021310506','宋光韬','0213100',''),('102030_70206097_1','021310509','于忠洋','0213105',''),('102030_70206097_1','021310510','郝帅','0213105',''),('102030_70206097_1','021310511','宋宇宾','0213105',''),('102030_70206097_1','021310512','冯剑寒','0213105',''),('102030_70206097_1','021310515','刘俊达','0213105',''),('102030_70206097_1','021310516','王步升','0213100',''),('102030_70206097_1','021310517','张鉴真','0213105',''),('102030_70206097_1','021310519','何墨凡','0213105',''),('102030_70206097_1','021310520','李锐','0213100',''),('102030_70206097_1','021310522','郭民昕','0213105',''),('102030_70206097_1','021310526','陈厅','0213105',''),('102030_70206097_1','021310527','杨志强','0213105',''),('102030_70206097_1','021310528','张皓祺','0213105',''),('102030_70206097_1','021310529','叶高翔','0213105',''),('102030_70206097_1','021310530','游宏亮','0213105',''),('102030_70206097_1','021310531','吴伟晶','0213105',''),('102030_70206097_1','021310532','廖超','0213105',''),('102030_70206097_1','021310534','赵国钦','0213105',''),('102030_70206097_1','021310535','宋柳青','0213105',''),('102030_70206097_1','021310602','徐蓉','0213100',''),('102030_70206097_1','021310603','郑露濛','0213106',''),('102030_70206097_1','021310604','李天豪','0213106',''),('102030_70206097_1','021310605','张宜奎','0213106',''),('102030_70206097_1','021310606','申海涛','0213106',''),('102030_70206097_1','021310607','张悦','0213106',''),('102030_70206097_1','021310608','黄鹏','0213106',''),('102030_70206097_1','021310609','陆楷楠','0213106',''),('102030_70206097_1','021310610','徐灵惺','0213106',''),('102030_70206097_1','021310611','金佐恩','0213106',''),('102030_70206097_1','021310612','高阿飞','0213106',''),('102030_70206097_1','021310613','李铮','0213106',''),('102030_70206097_1','021310614','张钧贺','0213106',''),('102030_70206097_1','021310615','黄天润','0213106',''),('102030_70206097_1','021310616','戴立君','0213106',''),('102030_70206097_1','021310617','石杰','0213106',''),('102030_70206097_1','021310618','王喆','0213106',''),('102030_70206097_1','021310619','李小龙','0213106',''),('102030_70206097_1','021310620','闫召洪','0213106',''),('102030_70206097_1','021310621','徐敏','0213106',''),('102030_70206097_1','021310622','李华','0213106',''),('102030_70206097_1','021310623','王子文','0213106',''),('102030_70206097_1','021310624','黄迪','0213106',''),('102030_70206097_1','021310625','刘德治','0213106',''),('102030_70206097_1','021310627','李洋','0213106',''),('102030_70206097_1','021310628','李凯','0213106',''),('102030_70206097_1','021310629','王哲','0213106',''),('102030_70206097_1','021310630','马守斌','0213106',''),('102030_70206097_1','021310631','陈极','0213106',''),('102030_70206097_1','021310632','马鑫','0213106',''),('102030_70206097_1','021310633','陈冉','0213106',''),('102030_70206097_1','021310634','陈崇沛','0213106',''),('102030_70206097_1','021310635','赵有喜','0213106',''),('102030_70206097_1','021310709','陈名杨','0213100',''),('102030_70206097_1','021310717','朱太行','0213100',''),('102030_70206097_1','021310727','隋宏人','0213100',''),('102030_70206097_1','021310812','许允','0213100',''),('102030_70206097_1','021310814','杨学瑞','0213100',''),('102030_70206097_1','021330119','谢世豪','0213104',''),('102030_70206097_1','021330226','胡佳伟','0213104',''),('102030_70206097_1','031330328','郑彦','0213104',''),('102030_70206097_1','051330207','尉星航','0213104',''),('102030_70206097_1','051330505','郭赟杰','0213100',''),('102030_70206097_1','061310535','黄松','0213104',''),('102030_70206097_1','091300222','韩学璞','0213105',''),('102030_70206097_2','011330113','陈智','0213103',''),('102030_70206097_2','021210119','卢阳天','0214101',''),('102030_70206097_2','021210210','李启征','0213102',''),('102030_70206097_2','021210213','张鹏刚','0213102',''),('102030_70206097_2','021210228','薛雨洲','0213102',''),('102030_70206097_2','021310101','魏婷婷','0213101',''),('102030_70206097_2','021310102','金也佳','0213101',''),('102030_70206097_2','021310103','李舟','0213101',''),('102030_70206097_2','021310104','黄岩','0213101',''),('102030_70206097_2','021310105','刘少杭','0213101',''),('102030_70206097_2','021310106','何欢','0213101',''),('102030_70206097_2','021310107','刘思源','0213101',''),('102030_70206097_2','021310109','陈思豪','0213100',''),('102030_70206097_2','021310110','刘雨澄','0213101',''),('102030_70206097_2','021310111','张仁涛','0213101',''),('102030_70206097_2','021310114','邬清源','0213101',''),('102030_70206097_2','021310115','强子健','0213100',''),('102030_70206097_2','021310116','葛士杰','0213101',''),('102030_70206097_2','021310117','孟宇鹏','0213100',''),('102030_70206097_2','021310118','方程晨','0213101',''),('102030_70206097_2','021310119','戴思成','0213101',''),('102030_70206097_2','021310120','杨玥','0213101',''),('102030_70206097_2','021310123','邝熙','0213101',''),('102030_70206097_2','021310124','陈旦','0213101',''),('102030_70206097_2','021310125','袁晶磊','0213101',''),('102030_70206097_2','021310126','李劭怡','0213101',''),('102030_70206097_2','021310127','金业成','0213101',''),('102030_70206097_2','021310128','任勇智','0213101',''),('102030_70206097_2','021310129','卜旭东','0213101',''),('102030_70206097_2','021310130','缪俊杰','0213100',''),('102030_70206097_2','021310131','刘欣','0213101',''),('102030_70206097_2','021310133','朱林祥','0213101',''),('102030_70206097_2','021310134','张浩','0213101',''),('102030_70206097_2','021310135','敬彤','0213101',''),('102030_70206097_2','021310201','蔡伊雯','0213102',''),('102030_70206097_2','021310202','黄笛','0213102',''),('102030_70206097_2','021310203','单小敏','0213102',''),('102030_70206097_2','021310204','黄红梅','0213102',''),('102030_70206097_2','021310206','刘儒骏','0213102',''),('102030_70206097_2','021310208','孙勇','0213102',''),('102030_70206097_2','021310209','傅丰博','0213102',''),('102030_70206097_2','021310210','姜逸文','0213102',''),('102030_70206097_2','021310211','何志杰','0213102',''),('102030_70206097_2','021310214','李启东','0213102',''),('102030_70206097_2','021310215','夏昊','0213102',''),('102030_70206097_2','021310216','陆胜军','0213102',''),('102030_70206097_2','021310217','王昊','0213102',''),('102030_70206097_2','021310218','高博','0213102',''),('102030_70206097_2','021310219','高赟','0213102',''),('102030_70206097_2','021310221','薛子彦','0213102',''),('102030_70206097_2','021310222','曹敏','0213102',''),('102030_70206097_2','021310223','王聂龙','0213102',''),('102030_70206097_2','021310224','李伟','0213102',''),('102030_70206097_2','021310225','张啸峰','0213102',''),('102030_70206097_2','021310226','罗攀','0213102',''),('102030_70206097_2','021310227','邱悦','0213102',''),('102030_70206097_2','021310228','李勇','0213102',''),('102030_70206097_2','021310229','江宽','0213102',''),('102030_70206097_2','021310230','王学高','0213102',''),('102030_70206097_2','021310231','王安','0213102',''),('102030_70206097_2','021310232','王吉晓','0213102',''),('102030_70206097_2','021310233','何旺','0213102',''),('102030_70206097_2','021310234','钱伟丰','0213102',''),('102030_70206097_2','021310235','仇鹏程','0213102',''),('102030_70206097_2','021310236','郑禛','0213102',''),('102030_70206097_2','021310301','徐雅洁','0213100',''),('102030_70206097_2','021310302','白晨虹','0213103',''),('102030_70206097_2','021310303','周惠敏','0213103',''),('102030_70206097_2','021310304','魏婷','0213100',''),('102030_70206097_2','021310305','李诗洋','0213103',''),('102030_70206097_2','021310306','陈勇兴','0213103',''),('102030_70206097_2','021310307','宁春贤','0213103',''),('102030_70206097_2','021310308','黄镇','0213103',''),('102030_70206097_2','021310312','李若昱','0213103',''),('102030_70206097_2','021310313','周家鑫','0213103',''),('102030_70206097_2','021310314','魏德鑫','0213103',''),('102030_70206097_2','021310315','张惠强','0213103',''),('102030_70206097_2','021310316','胡棚','0213103',''),('102030_70206097_2','021310317','李轩琦','0213103',''),('102030_70206097_2','021310318','郭子星','0213103',''),('102030_70206097_2','021310319','尤梦成','0213103',''),('102030_70206097_2','021310320','任政','0213103',''),('102030_70206097_2','021310321','崔鑫','0213103',''),('102030_70206097_2','021310322','欧阳承磊','0213103',''),('102030_70206097_2','021310323','丁海能','0213103',''),('102030_70206097_2','021310324','黄盛辉','0213103',''),('102030_70206097_2','021310325','阎文斌','0213103',''),('102030_70206097_2','021310326','肖遥','0213103',''),('102030_70206097_2','021310327','缪叶','0213103',''),('102030_70206097_2','021310328','刘奕荣','0213100',''),('102030_70206097_2','021310329','李鑫','0213100',''),('102030_70206097_2','021310331','孙志杰','0213103',''),('102030_70206097_2','021310332','谢奉坤','0213103',''),('102030_70206097_2','021310333','张炜炜','0213103',''),('102030_70206097_2','021310334','李泽凡','0213103',''),('102030_70206097_2','021310335','黄思奇','0213100',''),('102030_70206097_2','021310401','王天奇','0213104',''),('102030_70206097_2','021310402','宗若雨','0213104',''),('102030_70206097_2','021310403','马亚男','0213104',''),('102030_70206097_2','021310405','傅继雷','0213104',''),('102030_70206097_2','021310406','陈德广','0213104',''),('102030_70206097_2','021310407','张帆','0213104',''),('102030_70206097_2','021310408','冯海龙','0213104',''),('102030_70206097_2','021310409','盛浩','0213104',''),('102030_70206097_2','021310410','雷熠','0213104',''),('102030_70206097_2','021310411','蔡波','0213104',''),('102030_70206097_2','021310412','程钟毓','0213104',''),('102030_70206097_2','021310413','莫大海','0213104',''),('102030_70206097_2','021310414','韩伦','0213104',''),('102030_70206097_2','021310415','孟伟','0213104',''),('102030_70206097_2','021310416','张善之','0213104',''),('102030_70206097_2','021310417','范国效','0213104',''),('102030_70206097_2','021310419','康定兴','0213104',''),('102030_70206097_2','021310420','徐若琪','0213104',''),('102030_70206097_2','021310421','左亮亮','0213100',''),('102030_70206097_2','021310422','郭煜玺','0213104',''),('102030_70206097_2','021310423','凌季','0213104',''),('102030_70206097_2','021310424','周建伟','0213100',''),('102030_70206097_2','021310425','钱僧','0213104',''),('102030_70206097_2','021310427','王蕴源','0213104',''),('102030_70206097_2','021310428','钟先敏','0213104',''),('102030_70206097_2','021310430','俞耀','0213100',''),('102030_70206097_2','021310432','孙巍','0213104',''),('102030_70206097_2','021310433','严小冬','0213104',''),('102030_70206097_2','021310434','张瑞峰','0213104',''),('102030_70206097_2','021310501','安丽','0213100',''),('102030_70206097_2','021310502','殷宁','0213100',''),('102030_70206097_2','021310506','宋光韬','0213100',''),('102030_70206097_2','021310509','于忠洋','0213105',''),('102030_70206097_2','021310510','郝帅','0213105',''),('102030_70206097_2','021310511','宋宇宾','0213105',''),('102030_70206097_2','021310512','冯剑寒','0213105',''),('102030_70206097_2','021310515','刘俊达','0213105',''),('102030_70206097_2','021310516','王步升','0213100',''),('102030_70206097_2','021310517','张鉴真','0213105',''),('102030_70206097_2','021310519','何墨凡','0213105',''),('102030_70206097_2','021310520','李锐','0213100',''),('102030_70206097_2','021310522','郭民昕','0213105',''),('102030_70206097_2','021310526','陈厅','0213105',''),('102030_70206097_2','021310527','杨志强','0213105',''),('102030_70206097_2','021310528','张皓祺','0213105',''),('102030_70206097_2','021310529','叶高翔','0213105',''),('102030_70206097_2','021310530','游宏亮','0213105',''),('102030_70206097_2','021310531','吴伟晶','0213105',''),('102030_70206097_2','021310532','廖超','0213105',''),('102030_70206097_2','021310534','赵国钦','0213105',''),('102030_70206097_2','021310535','宋柳青','0213105',''),('102030_70206097_2','021310602','徐蓉','0213100',''),('102030_70206097_2','021310603','郑露濛','0213106',''),('102030_70206097_2','021310604','李天豪','0213106',''),('102030_70206097_2','021310605','张宜奎','0213106',''),('102030_70206097_2','021310606','申海涛','0213106',''),('102030_70206097_2','021310607','张悦','0213106',''),('102030_70206097_2','021310608','黄鹏','0213106',''),('102030_70206097_2','021310609','陆楷楠','0213106',''),('102030_70206097_2','021310610','徐灵惺','0213106',''),('102030_70206097_2','021310611','金佐恩','0213106',''),('102030_70206097_2','021310612','高阿飞','0213106',''),('102030_70206097_2','021310613','李铮','0213106',''),('102030_70206097_2','021310614','张钧贺','0213106',''),('102030_70206097_2','021310615','黄天润','0213106',''),('102030_70206097_2','021310616','戴立君','0213106',''),('102030_70206097_2','021310617','石杰','0213106',''),('102030_70206097_2','021310618','王喆','0213106',''),('102030_70206097_2','021310619','李小龙','0213106',''),('102030_70206097_2','021310620','闫召洪','0213106',''),('102030_70206097_2','021310621','徐敏','0213106',''),('102030_70206097_2','021310622','李华','0213106',''),('102030_70206097_2','021310623','王子文','0213106',''),('102030_70206097_2','021310624','黄迪','0213106',''),('102030_70206097_2','021310625','刘德治','0213106',''),('102030_70206097_2','021310627','李洋','0213106',''),('102030_70206097_2','021310628','李凯','0213106',''),('102030_70206097_2','021310629','王哲','0213106',''),('102030_70206097_2','021310630','马守斌','0213106',''),('102030_70206097_2','021310631','陈极','0213106',''),('102030_70206097_2','021310632','马鑫','0213106',''),('102030_70206097_2','021310633','陈冉','0213106',''),('102030_70206097_2','021310634','陈崇沛','0213106',''),('102030_70206097_2','021310635','赵有喜','0213106',''),('102030_70206097_2','021310709','陈名杨','0213100',''),('102030_70206097_2','021310717','朱太行','0213100',''),('102030_70206097_2','021310727','隋宏人','0213100',''),('102030_70206097_2','021310812','许允','0213100',''),('102030_70206097_2','021310814','杨学瑞','0213100',''),('102030_70206097_2','021330119','谢世豪','0213104',''),('102030_70206097_2','021330226','胡佳伟','0213104',''),('102030_70206097_2','031330328','郑彦','0213104',''),('102030_70206097_2','051330207','尉星航','0213104',''),('102030_70206097_2','051330505','郭赟杰','0213100',''),('102030_70206097_2','061310535','黄松','0213104',''),('102030_70206097_2','091300222','韩学璞','0213105',''),('102030_70206097_3','011330113','陈智','0213103',''),('102030_70206097_3','021210119','卢阳天','0214101',''),('102030_70206097_3','021210210','李启征','0213102',''),('102030_70206097_3','021210213','张鹏刚','0213102',''),('102030_70206097_3','021210228','薛雨洲','0213102',''),('102030_70206097_3','021310101','魏婷婷','0213101',''),('102030_70206097_3','021310102','金也佳','0213101',''),('102030_70206097_3','021310103','李舟','0213101',''),('102030_70206097_3','021310104','黄岩','0213101',''),('102030_70206097_3','021310105','刘少杭','0213101',''),('102030_70206097_3','021310106','何欢','0213101',''),('102030_70206097_3','021310107','刘思源','0213101',''),('102030_70206097_3','021310109','陈思豪','0213100',''),('102030_70206097_3','021310110','刘雨澄','0213101',''),('102030_70206097_3','021310111','张仁涛','0213101',''),('102030_70206097_3','021310114','邬清源','0213101',''),('102030_70206097_3','021310115','强子健','0213100',''),('102030_70206097_3','021310116','葛士杰','0213101',''),('102030_70206097_3','021310117','孟宇鹏','0213100',''),('102030_70206097_3','021310118','方程晨','0213101',''),('102030_70206097_3','021310119','戴思成','0213101',''),('102030_70206097_3','021310120','杨玥','0213101',''),('102030_70206097_3','021310123','邝熙','0213101',''),('102030_70206097_3','021310124','陈旦','0213101',''),('102030_70206097_3','021310125','袁晶磊','0213101',''),('102030_70206097_3','021310126','李劭怡','0213101',''),('102030_70206097_3','021310127','金业成','0213101',''),('102030_70206097_3','021310128','任勇智','0213101',''),('102030_70206097_3','021310129','卜旭东','0213101',''),('102030_70206097_3','021310130','缪俊杰','0213100',''),('102030_70206097_3','021310131','刘欣','0213101',''),('102030_70206097_3','021310133','朱林祥','0213101',''),('102030_70206097_3','021310134','张浩','0213101',''),('102030_70206097_3','021310135','敬彤','0213101',''),('102030_70206097_3','021310201','蔡伊雯','0213102',''),('102030_70206097_3','021310202','黄笛','0213102',''),('102030_70206097_3','021310203','单小敏','0213102',''),('102030_70206097_3','021310204','黄红梅','0213102',''),('102030_70206097_3','021310206','刘儒骏','0213102',''),('102030_70206097_3','021310208','孙勇','0213102',''),('102030_70206097_3','021310209','傅丰博','0213102',''),('102030_70206097_3','021310210','姜逸文','0213102',''),('102030_70206097_3','021310211','何志杰','0213102',''),('102030_70206097_3','021310214','李启东','0213102',''),('102030_70206097_3','021310215','夏昊','0213102',''),('102030_70206097_3','021310216','陆胜军','0213102',''),('102030_70206097_3','021310217','王昊','0213102',''),('102030_70206097_3','021310218','高博','0213102',''),('102030_70206097_3','021310219','高赟','0213102',''),('102030_70206097_3','021310221','薛子彦','0213102',''),('102030_70206097_3','021310222','曹敏','0213102',''),('102030_70206097_3','021310223','王聂龙','0213102',''),('102030_70206097_3','021310224','李伟','0213102',''),('102030_70206097_3','021310225','张啸峰','0213102',''),('102030_70206097_3','021310226','罗攀','0213102',''),('102030_70206097_3','021310227','邱悦','0213102',''),('102030_70206097_3','021310228','李勇','0213102',''),('102030_70206097_3','021310229','江宽','0213102',''),('102030_70206097_3','021310230','王学高','0213102',''),('102030_70206097_3','021310231','王安','0213102',''),('102030_70206097_3','021310232','王吉晓','0213102',''),('102030_70206097_3','021310233','何旺','0213102',''),('102030_70206097_3','021310234','钱伟丰','0213102',''),('102030_70206097_3','021310235','仇鹏程','0213102',''),('102030_70206097_3','021310236','郑禛','0213102',''),('102030_70206097_3','021310301','徐雅洁','0213100',''),('102030_70206097_3','021310302','白晨虹','0213103',''),('102030_70206097_3','021310303','周惠敏','0213103',''),('102030_70206097_3','021310304','魏婷','0213100',''),('102030_70206097_3','021310305','李诗洋','0213103',''),('102030_70206097_3','021310306','陈勇兴','0213103',''),('102030_70206097_3','021310307','宁春贤','0213103',''),('102030_70206097_3','021310308','黄镇','0213103',''),('102030_70206097_3','021310312','李若昱','0213103',''),('102030_70206097_3','021310313','周家鑫','0213103',''),('102030_70206097_3','021310314','魏德鑫','0213103',''),('102030_70206097_3','021310315','张惠强','0213103',''),('102030_70206097_3','021310316','胡棚','0213103',''),('102030_70206097_3','021310317','李轩琦','0213103',''),('102030_70206097_3','021310318','郭子星','0213103',''),('102030_70206097_3','021310319','尤梦成','0213103',''),('102030_70206097_3','021310320','任政','0213103',''),('102030_70206097_3','021310321','崔鑫','0213103',''),('102030_70206097_3','021310322','欧阳承磊','0213103',''),('102030_70206097_3','021310323','丁海能','0213103',''),('102030_70206097_3','021310324','黄盛辉','0213103',''),('102030_70206097_3','021310325','阎文斌','0213103',''),('102030_70206097_3','021310326','肖遥','0213103',''),('102030_70206097_3','021310327','缪叶','0213103',''),('102030_70206097_3','021310328','刘奕荣','0213100',''),('102030_70206097_3','021310329','李鑫','0213100',''),('102030_70206097_3','021310331','孙志杰','0213103',''),('102030_70206097_3','021310332','谢奉坤','0213103',''),('102030_70206097_3','021310333','张炜炜','0213103',''),('102030_70206097_3','021310334','李泽凡','0213103',''),('102030_70206097_3','021310335','黄思奇','0213100',''),('102030_70206097_3','021310401','王天奇','0213104',''),('102030_70206097_3','021310402','宗若雨','0213104',''),('102030_70206097_3','021310403','马亚男','0213104',''),('102030_70206097_3','021310405','傅继雷','0213104',''),('102030_70206097_3','021310406','陈德广','0213104',''),('102030_70206097_3','021310407','张帆','0213104',''),('102030_70206097_3','021310408','冯海龙','0213104',''),('102030_70206097_3','021310409','盛浩','0213104',''),('102030_70206097_3','021310410','雷熠','0213104',''),('102030_70206097_3','021310411','蔡波','0213104',''),('102030_70206097_3','021310412','程钟毓','0213104',''),('102030_70206097_3','021310413','莫大海','0213104',''),('102030_70206097_3','021310414','韩伦','0213104',''),('102030_70206097_3','021310415','孟伟','0213104',''),('102030_70206097_3','021310416','张善之','0213104',''),('102030_70206097_3','021310417','范国效','0213104',''),('102030_70206097_3','021310419','康定兴','0213104',''),('102030_70206097_3','021310420','徐若琪','0213104',''),('102030_70206097_3','021310421','左亮亮','0213100',''),('102030_70206097_3','021310422','郭煜玺','0213104',''),('102030_70206097_3','021310423','凌季','0213104',''),('102030_70206097_3','021310424','周建伟','0213100',''),('102030_70206097_3','021310425','钱僧','0213104',''),('102030_70206097_3','021310427','王蕴源','0213104',''),('102030_70206097_3','021310428','钟先敏','0213104',''),('102030_70206097_3','021310430','俞耀','0213100',''),('102030_70206097_3','021310432','孙巍','0213104',''),('102030_70206097_3','021310433','严小冬','0213104',''),('102030_70206097_3','021310434','张瑞峰','0213104',''),('102030_70206097_3','021310501','安丽','0213100',''),('102030_70206097_3','021310502','殷宁','0213100',''),('102030_70206097_3','021310506','宋光韬','0213100',''),('102030_70206097_3','021310509','于忠洋','0213105',''),('102030_70206097_3','021310510','郝帅','0213105',''),('102030_70206097_3','021310511','宋宇宾','0213105',''),('102030_70206097_3','021310512','冯剑寒','0213105',''),('102030_70206097_3','021310515','刘俊达','0213105',''),('102030_70206097_3','021310516','王步升','0213100',''),('102030_70206097_3','021310517','张鉴真','0213105',''),('102030_70206097_3','021310519','何墨凡','0213105',''),('102030_70206097_3','021310520','李锐','0213100',''),('102030_70206097_3','021310522','郭民昕','0213105',''),('102030_70206097_3','021310526','陈厅','0213105',''),('102030_70206097_3','021310527','杨志强','0213105',''),('102030_70206097_3','021310528','张皓祺','0213105',''),('102030_70206097_3','021310529','叶高翔','0213105',''),('102030_70206097_3','021310530','游宏亮','0213105',''),('102030_70206097_3','021310531','吴伟晶','0213105',''),('102030_70206097_3','021310532','廖超','0213105',''),('102030_70206097_3','021310534','赵国钦','0213105',''),('102030_70206097_3','021310535','宋柳青','0213105',''),('102030_70206097_3','021310602','徐蓉','0213100',''),('102030_70206097_3','021310603','郑露濛','0213106',''),('102030_70206097_3','021310604','李天豪','0213106',''),('102030_70206097_3','021310605','张宜奎','0213106',''),('102030_70206097_3','021310606','申海涛','0213106',''),('102030_70206097_3','021310607','张悦','0213106',''),('102030_70206097_3','021310608','黄鹏','0213106',''),('102030_70206097_3','021310609','陆楷楠','0213106',''),('102030_70206097_3','021310610','徐灵惺','0213106',''),('102030_70206097_3','021310611','金佐恩','0213106',''),('102030_70206097_3','021310612','高阿飞','0213106',''),('102030_70206097_3','021310613','李铮','0213106',''),('102030_70206097_3','021310614','张钧贺','0213106',''),('102030_70206097_3','021310615','黄天润','0213106',''),('102030_70206097_3','021310616','戴立君','0213106',''),('102030_70206097_3','021310617','石杰','0213106',''),('102030_70206097_3','021310618','王喆','0213106',''),('102030_70206097_3','021310619','李小龙','0213106',''),('102030_70206097_3','021310620','闫召洪','0213106',''),('102030_70206097_3','021310621','徐敏','0213106',''),('102030_70206097_3','021310622','李华','0213106',''),('102030_70206097_3','021310623','王子文','0213106',''),('102030_70206097_3','021310624','黄迪','0213106',''),('102030_70206097_3','021310625','刘德治','0213106',''),('102030_70206097_3','021310627','李洋','0213106',''),('102030_70206097_3','021310628','李凯','0213106',''),('102030_70206097_3','021310629','王哲','0213106',''),('102030_70206097_3','021310630','马守斌','0213106',''),('102030_70206097_3','021310631','陈极','0213106',''),('102030_70206097_3','021310632','马鑫','0213106',''),('102030_70206097_3','021310633','陈冉','0213106',''),('102030_70206097_3','021310634','陈崇沛','0213106',''),('102030_70206097_3','021310635','赵有喜','0213106',''),('102030_70206097_3','021310709','陈名杨','0213100',''),('102030_70206097_3','021310717','朱太行','0213100',''),('102030_70206097_3','021310727','隋宏人','0213100',''),('102030_70206097_3','021310812','许允','0213100',''),('102030_70206097_3','021310814','杨学瑞','0213100',''),('102030_70206097_3','021330119','谢世豪','0213104',''),('102030_70206097_3','021330226','胡佳伟','0213104',''),('102030_70206097_3','031330328','郑彦','0213104',''),('102030_70206097_3','051330207','尉星航','0213104',''),('102030_70206097_3','051330505','郭赟杰','0213100',''),('102030_70206097_3','061310535','黄松','0213104',''),('102030_70206097_3','091300222','韩学璞','0213105',''),('16901210_70203422_2','011330113','陈智','0213103',''),('16901210_70203422_2','021210119','卢阳天','0214101',''),('16901210_70203422_2','021210210','李启征','0213102',''),('16901210_70203422_2','021210213','张鹏刚','0213102',''),('16901210_70203422_2','021210228','薛雨洲','0213102',''),('16901210_70203422_2','021310101','魏婷婷','0213101',''),('16901210_70203422_2','021310102','金也佳','0213101',''),('16901210_70203422_2','021310103','李舟','0213101',''),('16901210_70203422_2','021310104','黄岩','0213101',''),('16901210_70203422_2','021310105','刘少杭','0213101',''),('16901210_70203422_2','021310106','何欢','0213101',''),('16901210_70203422_2','021310107','刘思源','0213101',''),('16901210_70203422_2','021310109','陈思豪','0213100',''),('16901210_70203422_2','021310110','刘雨澄','0213101',''),('16901210_70203422_2','021310111','张仁涛','0213101',''),('16901210_70203422_2','021310114','邬清源','0213101',''),('16901210_70203422_2','021310115','强子健','0213100',''),('16901210_70203422_2','021310116','葛士杰','0213101',''),('16901210_70203422_2','021310117','孟宇鹏','0213100',''),('16901210_70203422_2','021310118','方程晨','0213101',''),('16901210_70203422_2','021310119','戴思成','0213101',''),('16901210_70203422_2','021310120','杨玥','0213101',''),('16901210_70203422_2','021310123','邝熙','0213101',''),('16901210_70203422_2','021310124','陈旦','0213101',''),('16901210_70203422_2','021310125','袁晶磊','0213101',''),('16901210_70203422_2','021310126','李劭怡','0213101',''),('16901210_70203422_2','021310127','金业成','0213101',''),('16901210_70203422_2','021310128','任勇智','0213101',''),('16901210_70203422_2','021310129','卜旭东','0213101',''),('16901210_70203422_2','021310130','缪俊杰','0213100',''),('16901210_70203422_2','021310131','刘欣','0213101',''),('16901210_70203422_2','021310133','朱林祥','0213101',''),('16901210_70203422_2','021310134','张浩','0213101',''),('16901210_70203422_2','021310135','敬彤','0213101',''),('16901210_70203422_2','021310201','蔡伊雯','0213102',''),('16901210_70203422_2','021310202','黄笛','0213102',''),('16901210_70203422_2','021310203','单小敏','0213102',''),('16901210_70203422_2','021310204','黄红梅','0213102',''),('16901210_70203422_2','021310206','刘儒骏','0213102',''),('16901210_70203422_2','021310208','孙勇','0213102',''),('16901210_70203422_2','021310209','傅丰博','0213102',''),('16901210_70203422_2','021310210','姜逸文','0213102',''),('16901210_70203422_2','021310211','何志杰','0213102',''),('16901210_70203422_2','021310214','李启东','0213102',''),('16901210_70203422_2','021310215','夏昊','0213102',''),('16901210_70203422_2','021310216','陆胜军','0213102',''),('16901210_70203422_2','021310217','王昊','0213102',''),('16901210_70203422_2','021310218','高博','0213102',''),('16901210_70203422_2','021310219','高赟','0213102',''),('16901210_70203422_2','021310221','薛子彦','0213102',''),('16901210_70203422_2','021310222','曹敏','0213102',''),('16901210_70203422_2','021310223','王聂龙','0213102',''),('16901210_70203422_2','021310224','李伟','0213102',''),('16901210_70203422_2','021310225','张啸峰','0213102',''),('16901210_70203422_2','021310226','罗攀','0213102',''),('16901210_70203422_2','021310227','邱悦','0213102',''),('16901210_70203422_2','021310228','李勇','0213102',''),('16901210_70203422_2','021310229','江宽','0213102',''),('16901210_70203422_2','021310230','王学高','0213102',''),('16901210_70203422_2','021310231','王安','0213102',''),('16901210_70203422_2','021310232','王吉晓','0213102',''),('16901210_70203422_2','021310233','何旺','0213102',''),('16901210_70203422_2','021310234','钱伟丰','0213102',''),('16901210_70203422_2','021310235','仇鹏程','0213102',''),('16901210_70203422_2','021310236','郑禛','0213102',''),('16901210_70203422_2','021310301','徐雅洁','0213100',''),('16901210_70203422_2','021310302','白晨虹','0213103',''),('16901210_70203422_2','021310303','周惠敏','0213103',''),('16901210_70203422_2','021310304','魏婷','0213100',''),('16901210_70203422_2','021310305','李诗洋','0213103',''),('16901210_70203422_2','021310306','陈勇兴','0213103',''),('16901210_70203422_2','021310307','宁春贤','0213103',''),('16901210_70203422_2','021310308','黄镇','0213103',''),('16901210_70203422_2','021310312','李若昱','0213103',''),('16901210_70203422_2','021310313','周家鑫','0213103',''),('16901210_70203422_2','021310314','魏德鑫','0213103',''),('16901210_70203422_2','021310315','张惠强','0213103',''),('16901210_70203422_2','021310316','胡棚','0213103',''),('16901210_70203422_2','021310317','李轩琦','0213103',''),('16901210_70203422_2','021310318','郭子星','0213103',''),('16901210_70203422_2','021310319','尤梦成','0213103',''),('16901210_70203422_2','021310320','任政','0213103',''),('16901210_70203422_2','021310321','崔鑫','0213103',''),('16901210_70203422_2','021310322','欧阳承磊','0213103',''),('16901210_70203422_2','021310323','丁海能','0213103',''),('16901210_70203422_2','021310324','黄盛辉','0213103',''),('16901210_70203422_2','021310325','阎文斌','0213103',''),('16901210_70203422_2','021310326','肖遥','0213103',''),('16901210_70203422_2','021310327','缪叶','0213103',''),('16901210_70203422_2','021310328','刘奕荣','0213100',''),('16901210_70203422_2','021310329','李鑫','0213100',''),('16901210_70203422_2','021310331','孙志杰','0213103',''),('16901210_70203422_2','021310332','谢奉坤','0213103',''),('16901210_70203422_2','021310333','张炜炜','0213103',''),('16901210_70203422_2','021310334','李泽凡','0213103',''),('16901210_70203422_2','021310335','黄思奇','0213100',''),('16901210_70203422_2','021310401','王天奇','0213104',''),('16901210_70203422_2','021310402','宗若雨','0213104',''),('16901210_70203422_2','021310403','马亚男','0213104',''),('16901210_70203422_2','021310405','傅继雷','0213104',''),('16901210_70203422_2','021310406','陈德广','0213104',''),('16901210_70203422_2','021310407','张帆','0213104',''),('16901210_70203422_2','021310408','冯海龙','0213104',''),('16901210_70203422_2','021310409','盛浩','0213104',''),('16901210_70203422_2','021310410','雷熠','0213104',''),('16901210_70203422_2','021310411','蔡波','0213104',''),('16901210_70203422_2','021310412','程钟毓','0213104',''),('16901210_70203422_2','021310413','莫大海','0213104',''),('16901210_70203422_2','021310414','韩伦','0213104',''),('16901210_70203422_2','021310415','孟伟','0213104',''),('16901210_70203422_2','021310416','张善之','0213104',''),('16901210_70203422_2','021310417','范国效','0213104',''),('16901210_70203422_2','021310419','康定兴','0213104',''),('16901210_70203422_2','021310420','徐若琪','0213104',''),('16901210_70203422_2','021310421','左亮亮','0213100',''),('16901210_70203422_2','021310422','郭煜玺','0213104',''),('16901210_70203422_2','021310423','凌季','0213104',''),('16901210_70203422_2','021310424','周建伟','0213100',''),('16901210_70203422_2','021310425','钱僧','0213104',''),('16901210_70203422_2','021310427','王蕴源','0213104',''),('16901210_70203422_2','021310428','钟先敏','0213104',''),('16901210_70203422_2','021310430','俞耀','0213100',''),('16901210_70203422_2','021310432','孙巍','0213104',''),('16901210_70203422_2','021310433','严小冬','0213104',''),('16901210_70203422_2','021310434','张瑞峰','0213104',''),('16901210_70203422_2','021310501','安丽','0213100',''),('16901210_70203422_2','021310502','殷宁','0213100',''),('16901210_70203422_2','021310506','宋光韬','0213100',''),('16901210_70203422_2','021310509','于忠洋','0213105',''),('16901210_70203422_2','021310510','郝帅','0213105',''),('16901210_70203422_2','021310511','宋宇宾','0213105',''),('16901210_70203422_2','021310512','冯剑寒','0213105',''),('16901210_70203422_2','021310515','刘俊达','0213105',''),('16901210_70203422_2','021310516','王步升','0213100',''),('16901210_70203422_2','021310517','张鉴真','0213105',''),('16901210_70203422_2','021310519','何墨凡','0213105',''),('16901210_70203422_2','021310520','李锐','0213100',''),('16901210_70203422_2','021310522','郭民昕','0213105',''),('16901210_70203422_2','021310526','陈厅','0213105',''),('16901210_70203422_2','021310527','杨志强','0213105',''),('16901210_70203422_2','021310528','张皓祺','0213105',''),('16901210_70203422_2','021310529','叶高翔','0213105',''),('16901210_70203422_2','021310530','游宏亮','0213105',''),('16901210_70203422_2','021310531','吴伟晶','0213105',''),('16901210_70203422_2','021310532','廖超','0213105',''),('16901210_70203422_2','021310534','赵国钦','0213105',''),('16901210_70203422_2','021310535','宋柳青','0213105',''),('16901210_70203422_2','021310602','徐蓉','0213100',''),('16901210_70203422_2','021310603','郑露濛','0213106',''),('16901210_70203422_2','021310604','李天豪','0213106',''),('16901210_70203422_2','021310605','张宜奎','0213106',''),('16901210_70203422_2','021310606','申海涛','0213106',''),('16901210_70203422_2','021310607','张悦','0213106',''),('16901210_70203422_2','021310608','黄鹏','0213106',''),('16901210_70203422_2','021310609','陆楷楠','0213106',''),('16901210_70203422_2','021310610','徐灵惺','0213106',''),('16901210_70203422_2','021310611','金佐恩','0213106',''),('16901210_70203422_2','021310612','高阿飞','0213106',''),('16901210_70203422_2','021310613','李铮','0213106',''),('16901210_70203422_2','021310614','张钧贺','0213106',''),('16901210_70203422_2','021310615','黄天润','0213106',''),('16901210_70203422_2','021310616','戴立君','0213106',''),('16901210_70203422_2','021310617','石杰','0213106',''),('16901210_70203422_2','021310618','王喆','0213106',''),('16901210_70203422_2','021310619','李小龙','0213106',''),('16901210_70203422_2','021310620','闫召洪','0213106',''),('16901210_70203422_2','021310621','徐敏','0213106',''),('16901210_70203422_2','021310622','李华','0213106',''),('16901210_70203422_2','021310623','王子文','0213106',''),('16901210_70203422_2','021310624','黄迪','0213106',''),('16901210_70203422_2','021310625','刘德治','0213106',''),('16901210_70203422_2','021310627','李洋','0213106',''),('16901210_70203422_2','021310628','李凯','0213106',''),('16901210_70203422_2','021310629','王哲','0213106',''),('16901210_70203422_2','021310630','马守斌','0213106',''),('16901210_70203422_2','021310631','陈极','0213106',''),('16901210_70203422_2','021310632','马鑫','0213106',''),('16901210_70203422_2','021310633','陈冉','0213106',''),('16901210_70203422_2','021310634','陈崇沛','0213106',''),('16901210_70203422_2','021310635','赵有喜','0213106',''),('16901210_70203422_2','021310709','陈名杨','0213100',''),('16901210_70203422_2','021310717','朱太行','0213100',''),('16901210_70203422_2','021310727','隋宏人','0213100',''),('16901210_70203422_2','021310812','许允','0213100',''),('16901210_70203422_2','021310814','杨学瑞','0213100',''),('16901210_70203422_2','021330119','谢世豪','0213104',''),('16901210_70203422_2','021330226','胡佳伟','0213104',''),('16901210_70203422_2','031330328','郑彦','0213104',''),('16901210_70203422_2','051330207','尉星航','0213104',''),('16901210_70203422_2','051330505','郭赟杰','0213100',''),('16901210_70203422_2','061310535','黄松','0213104',''),('16901210_70203422_2','091300222','韩学璞','0213105','');

/*Table structure for table `e_member` */

DROP TABLE IF EXISTS `e_member`;

CREATE TABLE `e_member` (
  `username` varchar(32) NOT NULL,
  `realname` varchar(64) DEFAULT NULL,
  `password` varchar(32) DEFAULT NULL,
  `sex` varchar(11) DEFAULT '0',
  `birth` date DEFAULT '1990-01-01',
  `schoolno` varchar(32) DEFAULT NULL,
  `phoneno` varchar(32) DEFAULT NULL,
  `email` varchar(32) DEFAULT NULL,
  `qq` varchar(16) DEFAULT NULL,
  `preference` varchar(256) DEFAULT NULL,
  `selfIntroduce` varchar(256) DEFAULT NULL,
  `Role` varchar(5) DEFAULT '1',
  `State` varchar(5) DEFAULT '00000',
  `status` varchar(255) DEFAULT NULL,
  PRIMARY KEY (`username`)
) ENGINE=InnoDB DEFAULT CHARSET=utf8;

/*Data for the table `e_member` */

insert  into `e_member`(`username`,`realname`,`password`,`sex`,`birth`,`schoolno`,`phoneno`,`email`,`qq`,`preference`,`selfIntroduce`,`Role`,`State`,`status`) values ('1111','','','male','1990-01-01',NULL,'','','','HTML, CSS, UCD','','1','00000',NULL),('70206317','计算中心俱乐部','shenghuo','male','1990-01-01',NULL,'','','','HTML, CSS, UCD','','1','00000',NULL),('7020631711','计算中心俱乐部','shenghuo','female','1990-01-01',NULL,'','','','HTML, CSS, UCD','','1','00000',NULL),('jncc','计算中心俱乐部','shenghuo','male','1990-01-01','161210327','13888888888','zhuhaohan@nuaa.edu.cn','825857104','HTML, CSS, UCD','','1','00000',NULL),('test','计算中心俱乐部','jncc','male','1990-01-01','161210327','13888888888','zhuhaohan@nuaa.edu.cn','825857104','HTML, CSS, UCD','','1','00000',NULL),('计算中心俱乐部','计算中心俱乐部','shenghuo','male','1990-01-01',NULL,'','','','HTML, CSS','','1','00000',NULL);

/*Table structure for table `e_software` */

DROP TABLE IF EXISTS `e_software`;

CREATE TABLE `e_software` (
  `name` varchar(128) CHARACTER SET utf8 NOT NULL,
  `zone` varchar(16) CHARACTER SET utf8 NOT NULL,
  `createdate` varchar(32) CHARACTER SET utf8 DEFAULT NULL,
  `os` varchar(64) CHARACTER SET utf8 DEFAULT NULL,
  `operator` varchar(128) CHARACTER SET utf8 DEFAULT NULL,
  `comment` varchar(128) CHARACTER SET utf8 DEFAULT NULL,
  PRIMARY KEY (`name`,`zone`)
) ENGINE=InnoDB DEFAULT CHARSET=latin1;

/*Data for the table `e_software` */

insert  into `e_software`(`name`,`zone`,`createdate`,`os`,`operator`,`comment`) values ('Alcohol 120','9F','2013-03-04','Windows XP','张磊|王玮','测是'),('AutoCAD 2007 ','9F','2013-03-04','2013-03-04','张磊|王玮','9F'),('Autodesk 2007','7A、B、F','2014-10-07','windows XP','张磊','设计软件 '),('C_C++ LDRA Testbed','9F/AEF','2012-10-22','Windows XP','张磊|王玮',''),('DivX','9F/AEF','2010-04-13','Windows XP','张磊|王玮',''),('Internet Explorer 7','7A、B、F','2014-10-07','windows XP','张磊','浏览器软件'),('Internet Explorer 8.0','9F','2011-09-14','Windows XP','张磊|王玮',''),('learn X','7A、B、F','2014-10-07','windows XP','张磊','语言识别插件'),('Macromedia Authorware 7.02 ','9F','2013-03-04','Windows XP','张磊|王玮',''),('Macromedia Dreamweaver 8','9F','2012-10-06','Windows XP','张磊|王玮',''),('MATLAB 6.5','7A、B、F','2014-10-07','windows XP','张磊','仿真软件'),('MATLAB 6.5','9F','2013-03-04','Windows XP','张磊|王玮',''),('Microsoft office 2003','7A、B、F','2014-10-07','windows XP','张磊','应用软件'),('Microsoft Office 2003','9F','2013-03-04','Windows XP','张磊|王玮',''),('Microsoft SQL Server','9F','2013-03-04','Windows XP','张磊|王玮',''),('Microsoft Visual Basic 6.0','9F','2013-03-04','Windows XP','张磊|王玮',''),('Microsoft Visual C++ 6.0','9F','2013-03-04','Windows XP','张磊|王玮',''),('Microsoft Visual FoxPro 6.0','9F/BC','2013-03-04','Windows XP','张磊|王玮',''),('Microsoft Visual SourceSafe','9F/BC','2013-03-04','Windows XP','张磊|王玮',''),('Microsoft web Publishing','7A、B、F','2014-10-07','windows XP','张磊','Visual Studio附\n带的工具'),('Microsoft Web Publishing','9F','2013-03-04','Windows XP','张磊|王玮',''),('ModelSim SE 6.0C','7C、D、E','2014-10-08','windows XP','张磊','仿真软件'),('Multisim 2001','7A、B、F','2014-10-07','windows XP','张磊','电路设计和仿真的\nEDA工具软件'),('Mythware','7A、B、F','2014-10-07','windows XP','张磊','极域电子教室软件'),('National Instruments 12.0','7C、D、E','2014-10-08','windows XP','张磊','实验室仪器的计算机辅助软件'),('NEIE全新版视听说分级测试','9F/AEF','2011-08-29','Windows XP','张磊|王玮',''),('New Era Interactive English(Online V.)','7A、B、F','2014-10-07','windows XP','张磊','英语自主学习软件'),('New Era Interactive English（Online V.）','7C、D、E','2014-10-08','windows XP','张磊','英语自主学习软件'),('Oracle-OraDblog-home1','7C、D、E','2014-10-08','windows XP','张磊','数据库开发软件'),('Outlook Express','7A、B、F','2014-10-07','windows XP','张磊','电子邮件客户端，收、发、写、管理电子邮件的自带软件。'),('photoshop CS4','7A、B、F','2014-10-07','windows XP','张磊','图像处理软件'),('PPLive','7C、D、E','2014-10-08','windows XP','张磊','在线视频软件'),('PPStream','7C、D、E','2014-10-08','windows XP','张磊','集P2P直播点播于一身的网络电视软件'),('PPStream','9F','2013-03-04','Windows XP','张磊|王玮',''),('Protel 99  SE','7A、B、F','2014-10-07','windows XP','张磊','设计电路原理图和\nPCB的专业软件'),('Protel 99  SE ','7C、D、E','2014-10-08','windows XP','张磊','设计电路原理图和PCB的专业软件'),('RAPTOR','7A、B、F','2014-10-07','windows XP','张磊','基于流程图的可视化\n编程开发环境'),('Rhinoceros','7C、D、E','2014-10-08','windows XP','张磊','强大的专业3D造型软件'),('Rhinoceros 4.0','9F','2013-03-04','Windows XP','张磊|王玮',''),('Texas  Instruments (Code Composer Studio 3.3)','7C、D、E','2014-10-08','windows XP','张磊','集成开发环境'),('Visual Studio 6.0','7A、B、F','2014-10-07','windows XP','张磊','编程软件'),('Windows Media Player 9','7A、B、F','2014-10-07','windows XP','张磊','播放器软件'),('Windows Movie  Maker','7A、B、F','2014-10-07','windows XP','张磊','影视剪辑小软件'),('WinRAR','7C、D、E','2014-10-08','windows XP','张磊','压缩包管理器'),('WinRAR','9F','2011-09-14','Windows XP','张磊|王玮',''),('winRAR 4.01','7A、B、F','2014-10-07','windows XP','张磊','压缩软件'),('WMware ','7C、D、E','2014-10-08','windows XP','张磊','虚拟机软件'),('万维全自动网络考试系统','7A、B、F','2014-10-07','windows XP','张磊','全自动测评考试系统软件'),('万维全自动网络考试系统','9F/AEF','2012-10-06','Windows XP','张磊|王玮',''),('微软王码五笔 86版','7A、B、F','2014-10-07','windows XP','张磊','输入法软件'),('搜狗拼音输入法 6.7.0.0482','7A、B、F','2014-10-07','windows XP','张磊','汉字拼音输入法软件'),('新理念大学英语5.0 ','9F/AEF','2013-01-16','Windows XP','张磊|王玮',''),('新理念大学英语5.0学习大厅','7A、B、F','2014-10-07','windows XP','张磊','自主学习软件'),('暴风影音5','7A、B、F','2014-10-07','windows XP','张磊','万能媒体播放软件'),('有道词典','7A、B、F','2014-10-07','windows XP','张磊','在线词典和翻译软件'),('福昕阅读器','9F','2013-03-04','Windows XP','张磊|王玮',''),('网什么','9F','2012-10-06','2012-10-06','张磊|王玮','9F'),('腾讯软件2012','7A、B、F','2014-10-07','windows XP','张磊','即时聊天软件'),('迅雷软件 7','7A、B、F','2014-10-07','windows XP','张磊','下载软件'),('酷我音乐 2012（6.1.0）','7A、B、F','2014-10-07','windows XP','张磊','在线音乐播放软件'),('金山打字通 2010','9F','2013-03-04','Windows XP','张磊|王玮','');

/*Table structure for table `e_zonecfg` */

DROP TABLE IF EXISTS `e_zonecfg`;

CREATE TABLE `e_zonecfg` (
  `zone` varchar(16) CHARACTER SET utf8 NOT NULL,
  `floor` varchar(16) CHARACTER SET utf8 DEFAULT NULL,
  `seats` int(11) DEFAULT NULL,
  `mic` tinyint(1) DEFAULT NULL,
  `projector` tinyint(1) DEFAULT NULL,
  `teachermanage` tinyint(1) DEFAULT NULL,
  `comment` varchar(256) CHARACTER SET utf8 DEFAULT NULL,
  PRIMARY KEY (`zone`)
) ENGINE=InnoDB DEFAULT CHARSET=latin1;

/*Data for the table `e_zonecfg` */

insert  into `e_zonecfg`(`zone`,`floor`,`seats`,`mic`,`projector`,`teachermanage`,`comment`) values ('10F','10',55,1,1,1,'极好的教学场所'),('7B','7',22,0,0,0,''),('7C','7',22,0,0,0,''),('7E','7',22,0,0,0,''),('8A','8',223,0,0,0,''),('8B','8',123,0,0,0,''),('8C','8',21,0,0,0,''),('8E','8',11,0,0,0,''),('9A','9',552,0,1,0,'CESHI'),('9B','9',33,0,0,0,''),('9C','9',50,0,0,0,'软件备份');

/*Table structure for table `hibernatetest` */

DROP TABLE IF EXISTS `hibernatetest`;

CREATE TABLE `hibernatetest` (
  `id` int(11) NOT NULL,
  `username` varchar(100) DEFAULT NULL,
  PRIMARY KEY (`id`)
) ENGINE=InnoDB DEFAULT CHARSET=utf8;

/*Data for the table `hibernatetest` */

insert  into `hibernatetest`(`id`,`username`) values (1,'sb'),(2,'cg'),(3,'sb'),(4,'sb'),(5,'sb'),(6,'sb'),(7,'sb'),(8,'sb'),(9,'sb'),(10,'sb'),(11,'sb'),(12,'sb');

/*Table structure for table `homepageinfo` */

DROP TABLE IF EXISTS `homepageinfo`;

CREATE TABLE `homepageinfo` (
  `homepageid` int(10) unsigned NOT NULL DEFAULT '1',
  `caption` varchar(512) DEFAULT NULL,
  `content` longblob,
  PRIMARY KEY (`homepageid`)
) ENGINE=InnoDB DEFAULT CHARSET=utf8;

/*Data for the table `homepageinfo` */

insert  into `homepageinfo`(`homepageid`,`caption`,`content`) values (1,'i love county','<p><span style=\"font-family: &#39;times new roman&#39;;\">i love you&#65281;&#65281;<span style=\"font-family: &#39;times new roman&#39;;\">i love you&#65281;&#65281;<span style=\"font-family: &#39;times new roman&#39;;\">i love you&#65281;&#65281;<span style=\"font-family: &#39;times new roman&#39;;\">i love you&#65281;&#65281;<span style=\"font-family: &#39;times new roman&#39;;\">i love you&#65281;&#65281;<span style=\"font-family: &#39;times new roman&#39;;\">i love you&#65281;&#65281;<span style=\"font-family: &#39;times new roman&#39;;\">i love you&#65281;&#65281;<span style=\"font-family: &#39;times new roman&#39;;\">i love you&#65281;&#65281;<span style=\"font-family: &#39;times new roman&#39;;\">i love you&#65281;&#65281;<span style=\"font-family: &#39;times new roman&#39;;\">i love you&#65281;&#65281;<span style=\"font-family: &#39;times new roman&#39;;\">i love you&#65281;&#65281;<span style=\"font-family: &#39;times new roman&#39;;\">i love you&#65281;&#65281;<span style=\"font-family: &#39;times new roman&#39;;\">i love you&#65281;&#65281;<span style=\"font-family: &#39;times new roman&#39;;\">i love you&#65281;&#65281;<span style=\"font-family: &#39;times new roman&#39;;\">i love you&#65281;&#65281;<span style=\"font-family: &#39;times new roman&#39;;\">i love you&#65281;&#65281;<span style=\"font-family: &#39;times new roman&#39;;\">i love you&#65281;&#65281;<span style=\"font-family: &#39;times new roman&#39;;\">i love you&#65281;&#65281;</span></span></span></span></span></span></span></span></span></span></span></span></span></span></span></span></span></span></p>'),(2,'i love county','<p>sfsdf</p>'),(3,'Every thing goes well','<p><font color=\"#ffc000\"><b><i><u>zhuman is a pig</u></i></b></font></p>'),(4,'nishuoba','<p style=\"margin-top: 0.4em; margin-bottom: 0.5em; line-height: 19.1875px; font-size: 13px; white-space: normal; background-color: rgb(255, 255, 255);\">\r\n    The novel tells of &quot;Love Story&quot; is romantic and funny, yet a tragic story. It is the story of two young college grads, whose love was stronger than any of the tests life threw at them. Oliver Barrett&nbsp;IV, a&nbsp;<a href=\"http://en.wikipedia.org/wiki/Harvard\" title=\"Harvard\" class=\"mw-redirect\" style=\"text-decoration: none; color: rgb(11, 0, 128); background-image: none; background-position: initial initial; background-repeat: initial initial;\">Harvard</a>&nbsp;<a href=\"http://en.wikipedia.org/wiki/Jock_(athlete)\" title=\"Jock (athlete)\" style=\"text-decoration: none; color: rgb(11, 0, 128); background-image: none; background-position: initial initial; background-repeat: initial initial;\">jock</a>&nbsp;and wealthy heir to the Barrett fortune and legacy, and Jennifer Cavilleri, the quick-witted daughter of a Rhode Island baker. Oliver (Ollie) was expected to follow in his father&#39;s huge footsteps, while Jennifer (Jenny), a music major studying at&nbsp;<a href=\"http://en.wikipedia.org/wiki/Radcliffe_College\" title=\"Radcliffe College\" style=\"text-decoration: none; color: rgb(11, 0, 128); background-image: none; background-position: initial initial; background-repeat: initial initial;\">Radcliffe College</a>&nbsp;planned to study in&nbsp;<a href=\"http://en.wikipedia.org/wiki/Paris\" title=\"Paris\" style=\"text-decoration: none; color: rgb(11, 0, 128); background-image: none; background-position: initial initial; background-repeat: initial initial;\">Paris</a>. From very different worlds, Oliver and Jenny immediately attracted and their love deepened. The story of Jenny and Ollie is a realistic story of two young people who come from two separate worlds and are joined together in the most unlikely of ways.\r\n</p>\r\n<p style=\"margin-top: 0.4em; margin-bottom: 0.5em; line-height: 19.1875px; font-size: 13px; white-space: normal; background-color: rgb(255, 255, 255);\">\r\n    Upon graduation from college, the two decide to marry against the wishes of Oliver&#39;s father, who thereupon severs all ties with his son. Without his father&#39;s financial support, the couple struggles to pay Oliver&#39;s way through&nbsp;<a href=\"http://en.wikipedia.org/wiki/Harvard_Law_School\" title=\"Harvard Law School\" style=\"text-decoration: none; color: rgb(11, 0, 128); background-image: none; background-position: initial initial; background-repeat: initial initial;\">Harvard Law School</a>, with Jenny working as a private school teacher. Graduating third in his class, Oliver gets several job offers and takes up a position at a respectable New York&nbsp;<a href=\"http://en.wikipedia.org/wiki/Law_firm\" title=\"Law firm\" style=\"text-decoration: none; color: rgb(11, 0, 128); background-image: none; background-position: initial initial; background-repeat: initial initial;\">law firm</a>. Jenny promises to follow Oliver anywhere on the East Coast. The couple moves to&nbsp;<a href=\"http://en.wikipedia.org/wiki/New_York_City\" title=\"New York City\" style=\"text-decoration: none; color: rgb(11, 0, 128); background-image: none; background-position: initial initial; background-repeat: initial initial;\">New York City</a>, excited to spend more time together, rather than in working and studying. With Oliver&#39;s new income, the pair of 24-year-olds decide to have a child. After Jenny fails to conceive, they consult a medical specialist, who after repeated tests, informs Oliver that Jenny is ill and will soon die as she is suffering from&nbsp;<a href=\"http://en.wikipedia.org/wiki/Leukemia\" title=\"Leukemia\" style=\"text-decoration: none; color: rgb(11, 0, 128); background-image: none; background-position: initial initial; background-repeat: initial initial;\">leukemia</a>.\r\n</p>\r\n<p style=\"margin-top: 0.4em; margin-bottom: 0.5em; line-height: 19.1875px; font-size: 13px; white-space: normal; background-color: rgb(255, 255, 255);\">\r\n    As instructed by his doctor, Oliver attempts to live a &quot;normal life&quot; without telling Jenny of her condition. Jenny nevertheless discovers her ailment after confronting her doctor about her recent illness. With their days together numbered, Jenny begins a costly cancer therapy, and Oliver soon becomes unable to afford the multiplying hospital expenses. Desperate, he seeks financial relief from his father. Instead of telling his father what the money is truly for, Oliver misleads him. From her hospital bed, Jenny speaks with her father about funeral arrangements, and then asks for Oliver. She tells him to avoid blaming himself, and asks him to embrace her tightly before she dies. When Mr.&nbsp;Barrett realizes that Jenny is ill and that his son borrowed the money for her, he immediately sets out for New York. By the time he reaches the hospital, Jenny is dead. Mr.&nbsp;Barrett apologizes to his son, who replies with something Jenny had once told him: &quot;Love means never having to say you&#39;re sorry&quot;...and breaks down in his arms.\r\n</p>\r\n<p>\r\n    <span style=\"text-decoration: underline;\"><strong><em><span style=\"text-decoration: underline; color: rgb(255, 192, 0); border: 1px solid rgb(0, 0, 0);\"></span></em></strong></span><br/>\r\n</p>'),(5,'buzhidao yao ','<p><span style=\"font-family: &#39;times new roman&#39;;\">i don&#39;t knowni don&#39;t knowni don&#39;t knowni don&#39;t knowni don&#39;t knowni don&#39;t knowni don&#39;t knowni don&#39;t knowni don&#39;t knowni don&#39;t knowni don&#39;t knowni don&#39;t knowni don&#39;t knowni don&#39;t knowni don&#39;t knowni don&#39;t knowni don&#39;t knowni don&#39;t knowni don&#39;t knowni don&#39;t knowni don&#39;t knowni don&#39;t knowni don&#39;t knowni don&#39;t knowni don&#39;t knowni don&#39;t knowni don&#39;t knowni don&#39;t knowni don&#39;t knowni don&#39;t knowni don&#39;t knowni don&#39;t knowni don&#39;t knowni don&#39;t knowni don&#39;t knowni don&#39;t knowni don&#39;t knowni don&#39;t known</span></p>');

/*Table structure for table `news` */

DROP TABLE IF EXISTS `news`;

CREATE TABLE `news` (
  `NO` int(10) unsigned NOT NULL AUTO_INCREMENT COMMENT 'sequence',
  `NewsTitle` varchar(100) NOT NULL DEFAULT 'Welcome',
  `Modifytime` timestamp NOT NULL DEFAULT '2013-11-24 19:42:28',
  `Createtime` timestamp NOT NULL DEFAULT CURRENT_TIMESTAMP,
  `NewsContent` longtext,
  PRIMARY KEY (`NO`,`NewsTitle`)
) ENGINE=InnoDB AUTO_INCREMENT=8 DEFAULT CHARSET=utf8;

/*Data for the table `news` */

insert  into `news`(`NO`,`NewsTitle`,`Modifytime`,`Createtime`,`NewsContent`) values (3,'test1','2013-11-24 19:37:17','2013-11-24 19:37:17','<p>&#27861;&#24072;&#25171;&#21457;&#22763;&#22823;&#22827;</p>'),(4,'test2','2013-11-24 19:42:28','2013-11-24 19:42:28','<ol class=\" list-paddingleft-2\" style=\"list-style-type: decimal;\">\r\n    <li>\r\n        <p>\r\n            <span style=\"color: rgb(255, 0, 0);\"><strong><em><span style=\"border: 1px solid rgb(0, 0, 0); text-decoration: underline;\">i love china so much</span></em></strong></span>\r\n        </p>\r\n    </li>\r\n</ol>'),(5,'test3','2013-11-24 19:42:28','2013-11-24 19:45:36','Nothing3'),(7,'test520','2013-11-24 19:42:28','2013-11-24 19:53:33','Nothing');

/*Table structure for table `processtype` */

DROP TABLE IF EXISTS `processtype`;

CREATE TABLE `processtype` (
  `processID` varchar(32) NOT NULL,
  `processType` varchar(32) DEFAULT NULL,
  `processContent` varchar(32) DEFAULT NULL,
  PRIMARY KEY (`processID`)
) ENGINE=InnoDB DEFAULT CHARSET=utf8;

/*Data for the table `processtype` */

/*Table structure for table `software_list` */

DROP TABLE IF EXISTS `software_list`;

CREATE TABLE `software_list` (
  `name` varchar(128) CHARACTER SET utf8 NOT NULL,
  `version` varchar(12) CHARACTER SET utf8 NOT NULL,
  `zone` varchar(32) CHARACTER SET utf8 NOT NULL,
  `createdate` date DEFAULT NULL,
  `os` varchar(64) CHARACTER SET utf8 DEFAULT NULL,
  `operator` varchar(32) CHARACTER SET utf8 DEFAULT NULL,
  `comment` varchar(128) CHARACTER SET utf8 DEFAULT NULL,
  PRIMARY KEY (`name`,`version`,`zone`)
) ENGINE=InnoDB DEFAULT CHARSET=latin1;

/*Data for the table `software_list` */

insert  into `software_list`(`name`,`version`,`zone`,`createdate`,`os`,`operator`,`comment`) values ('auto Cad','7.5','',NULL,NULL,NULL,NULL);

/*Table structure for table `student` */

DROP TABLE IF EXISTS `student`;

CREATE TABLE `student` (
  `id` char(1) NOT NULL,
  `username` char(1) DEFAULT NULL,
  `password` char(1) DEFAULT NULL,
  `age` char(1) DEFAULT NULL,
  `sex` char(1) DEFAULT NULL,
  PRIMARY KEY (`id`)
) ENGINE=InnoDB DEFAULT CHARSET=utf8;

/*Data for the table `student` */

/*Table structure for table `tablename1` */

DROP TABLE IF EXISTS `tablename1`;

CREATE TABLE `tablename1` (
  `t` varchar(32) NOT NULL,
  PRIMARY KEY (`t`)
) ENGINE=InnoDB DEFAULT CHARSET=utf8;

/*Data for the table `tablename1` */

/*Table structure for table `test` */

DROP TABLE IF EXISTS `test`;

CREATE TABLE `test` (
  `id` int(11) NOT NULL,
  `username` varchar(100) DEFAULT NULL,
  PRIMARY KEY (`id`)
) ENGINE=InnoDB DEFAULT CHARSET=utf8;

/*Data for the table `test` */

/*Table structure for table `user` */

DROP TABLE IF EXISTS `user`;

CREATE TABLE `user` (
  `id` int(11) NOT NULL,
  `name` char(1) DEFAULT NULL,
  PRIMARY KEY (`id`)
) ENGINE=InnoDB DEFAULT CHARSET=utf8;

/*Data for the table `user` */

/*Table structure for table `zone_os` */

DROP TABLE IF EXISTS `zone_os`;

CREATE TABLE `zone_os` (
  `zone` varchar(18) CHARACTER SET utf8 NOT NULL,
  `osname` varchar(64) CHARACTER SET utf8 NOT NULL,
  `displayname` varchar(64) CHARACTER SET utf8 DEFAULT NULL,
  `createDate` date DEFAULT NULL,
  `usage` varchar(64) CHARACTER SET utf8 DEFAULT NULL,
  `operator` varchar(18) CHARACTER SET utf8 DEFAULT '张磊',
  `commnet` varchar(512) CHARACTER SET utf8 DEFAULT NULL,
  PRIMARY KEY (`zone`,`osname`)
) ENGINE=InnoDB DEFAULT CHARSET=latin1;

/*Data for the table `zone_os` */

insert  into `zone_os`(`zone`,`osname`,`displayname`,`createDate`,`usage`,`operator`,`commnet`) values ('7E','windows 7','WIN7',NULL,NULL,'张磊',NULL),('7F','windows 7','WIN7',NULL,NULL,'张磊',NULL),('7F','windows XP','WIN XP',NULL,NULL,'张磊',NULL);

/*!40101 SET SQL_MODE=@OLD_SQL_MODE */;
/*!40014 SET FOREIGN_KEY_CHECKS=@OLD_FOREIGN_KEY_CHECKS */;
/*!40014 SET UNIQUE_CHECKS=@OLD_UNIQUE_CHECKS */;
/*!40111 SET SQL_NOTES=@OLD_SQL_NOTES */;
